#loop,max_iteration,SNR(db),BER,FER
150000,16,1.800000,0.001865,0.272167
